{
  "classes":14,
  
  "label":["unk", "beam", "board", "bookcase", "ceiling", "chair", "clutter", "column", "door", "floor", "sofa", "table", "wall", "window"],
  "palette":[
    [0,   0,    0],
    [255,   0,    40],
    [255,   72,   0],
    [255,   185,    0],
    [205,   255,    0],
    [91,    255,    0],
    [0,   255,    21],
    [0,   255,    139],
    [0,   255,    252],
    [0,   143,    255],
    [0,   23,   255],
    [90,    0,    255],
    [204,   0,    255],
    [255,   0,    191],
  ],
  "mean":[
    73.158359210711552,
    82.908917542625858,
    72.392398761941593],
  "std":[
    47.675755341814678,
    48.494214368814916,
    47.736546325441594]
}
